{"Tr Loss": 1055.4385, "Tr Rt": 1016.4142, "Tr ph": 0.1539, "Tr nval": 3.8255, "lr": 0.0025, "_timestamp": 1716313586.5944602, "_runtime": 129728.79417729378, "_step": 600, "Val Loss": 602.8004760742188, "Val Rt Loss": 562.4614868164062, "Val ph Loss": 0.17156298458576202, "Val nval Loss": 3.948134660720825, "_wandb": {"runtime": 129893}}