{"Tr Loss": 41.3136, "Tr Rt": 41.2308, "Tr ph": 0.0413, "Tr nval": 0.0415, "lr": 1e-06, "_timestamp": 1715575490.2308643, "_runtime": 157763.76066923141, "_step": 731, "Val Loss": 68.84278106689453, "Val Rt Loss": 64.599365234375, "Val ph Loss": 0.03200806677341461, "Val nval Loss": 4.211424350738525, "_wandb": {"runtime": 157882}}