{"Tr Loss": 77761.7656, "Tr Rt": 7776.1089, "Tr ph": 0.0377, "Tr nval": 0.4942, "lr": 0.005, "_timestamp": 1715794116.2271228, "_runtime": 14928.887443780899, "_step": 69}