{"Tr Loss": 1454.4176, "Tr Rt": 1453.9485, "Tr ph": 0.0798, "Tr uph": 0.3894, "lr": 0.005, "_timestamp": 1716432253.6430063, "_runtime": 44246.48580932617, "_step": 218, "Val Loss": 1021.791259765625, "Val Rt Loss": 812.1283569335938, "Val ph Loss": 0.13128367066383362, "Val uph Loss": 3.0676348209381104, "_wandb": {"runtime": 44474}}