{"Tr Loss": 7726.8628, "Tr Rt": 7726.0811, "Tr ph": 0.3644, "Tr uph": 0.4173, "lr": 0.005, "_timestamp": 1716361008.8216314, "_runtime": 22208.480494499207, "_step": 106, "Val Loss": 7105.1962890625, "Val Rt Loss": 6977.81591796875, "Val ph Loss": 0.3665168881416321, "Val uph Loss": 1.9767844676971436, "_wandb": {"runtime": 22390}}