{"Tr Loss": 1665.2592, "Tr Rt": 1660.9344, "Tr ph": 0.141, "Tr nval": 4.1838, "lr": 0.001, "_timestamp": 1715273002.6147869, "_runtime": 400.9265718460083, "_step": 1, "_wandb": {"runtime": 702}}