{"Tr Loss": 54.4028, "Tr Rt": 53.73, "Tr ph": 0.023, "Tr nval": 0.0886, "lr": 0.0005, "_timestamp": 1715607732.78806, "_runtime": 32096.339081048965, "_step": 149, "Val Loss": 139.14877319335938, "Val Rt Loss": 121.23902893066406, "Val ph Loss": 0.02892453782260418, "Val nval Loss": 3.5241122245788574, "_wandb": {"runtime": 32096}}