{"Tr Loss": 35.7409, "Tr Rt": 35.661, "Tr ph": 0.0294, "Tr nval": 0.0505, "lr": 3.90625e-06, "_timestamp": 1715417515.6487331, "_runtime": 143888.15545415878, "_step": 642, "Val Loss": 33.74147033691406, "Val Rt Loss": 29.629465103149414, "Val ph Loss": 0.027351850643754005, "Val nval Loss": 4.084654808044434, "_wandb": {"runtime": 143943}}