{"Tr Loss": 9024.9443, "Tr Rt": 8993.3984, "Tr ph": 0.3812, "Tr uph": 31.1649, "lr": 0.005, "_timestamp": 1716314577.4898255, "_runtime": 429.18728256225586, "_step": 1, "_wandb": {"runtime": 633}}