{"Tr Loss": 1665.2592, "Tr Rt": 1660.9344, "Tr ph": 0.141, "Tr nval": 4.1838, "lr": 0.001, "_timestamp": 1715272382.1299748, "_runtime": 456.7867727279663, "_step": 1, "_wandb": {"runtime": 644}}