{"Tr Loss": 7673.0063, "Tr Rt": 7672.127, "Tr ph": 0.3746, "Tr uph": 0.505, "lr": 0.005, "_timestamp": 1716365586.0838804, "_runtime": 3189.680999517441, "_step": 15, "Val Loss": 6672.44384765625, "Val Rt Loss": 6531.8525390625, "Val ph Loss": 0.37329843640327454, "Val uph Loss": 2.054901361465454, "_wandb": {"runtime": 3289}}